ukbench00000.jpg,0
0,115
1,26
2,170
ukbench00001.jpg,0
0,101
1,3
2,224
ukbench00002.jpg,0
0,127
1,0
2,250
ukbench00003.jpg,0
0,7
1,0
2,130
ukbench00004.jpg,0
0,27
1,0
2,206
ukbench00005.jpg,0
0,22
1,15
2,170
ukbench00006.jpg,0
0,123
1,8
2,144
ukbench00007.jpg,0
0,94
1,7
2,235
ukbench00008.jpg,0
0,124
1,5
2,161
ukbench00009.jpg,0
0,22
1,3
2,241
ukbench00010.jpg,0
0,96
1,9
2,198
ukbench00011.jpg,0
0,70
1,9
2,216
ukbench00012.jpg,0
0,106
1,3
2,187
ukbench00013.jpg,0
0,85
1,8
2,203
ukbench00014.jpg,0
0,171
1,27
2,252
ukbench00015.jpg,0
0,5
1,0
2,141
ukbench00016.jpg,0
0,15
1,9
2,246
ukbench00017.jpg,0
0,88
1,8
2,236
ukbench00018.jpg,0
0,33
1,17
2,243
ukbench00019.jpg,0
0,36
1,3
2,221
ukbench00020.jpg,0
0,58
1,9
2,225
ukbench00021.jpg,0
0,59
1,10
2,198
ukbench00022.jpg,0
0,72
1,2
2,206
ukbench00023.jpg,0
0,16
1,29
2,214
ukbench00024.jpg,0
0,83
1,1
2,240
ukbench00025.jpg,0
0,143
1,10
2,187
ukbench00026.jpg,0
0,85
1,3
2,188
ukbench00027.jpg,0
0,58
1,9
2,215
ukbench00028.jpg,0
0,23
1,1
2,249
ukbench00029.jpg,0
0,93
1,0
2,204
ukbench00030.jpg,0
0,79
1,5
2,173
ukbench00031.jpg,0
0,93
1,10
2,185
ukbench00032.jpg,0
0,13
1,5
2,227
ukbench00033.jpg,0
0,19
1,11
2,194
ukbench00034.jpg,0
0,118
1,5
2,175
ukbench00035.jpg,0
0,11
1,1
2,228
ukbench00036.jpg,0
0,144
1,1
2,247
ukbench00037.jpg,0
0,118
1,0
2,248
ukbench00038.jpg,0
0,160
1,17
2,254
ukbench00039.jpg,0
0,98
1,4
2,155
ukbench00040.jpg,0
0,131
1,8
2,132
ukbench00041.jpg,0
0,23
1,3
2,236
ukbench00042.jpg,0
0,36
1,0
2,250
ukbench00043.jpg,0
0,41
1,7
2,209
ukbench00044.jpg,0
0,38
1,6
2,231
ukbench00045.jpg,0
0,77
1,1
2,212
ukbench00046.jpg,0
0,30
1,5
2,193
ukbench00047.jpg,0
0,19
1,9
2,217
ukbench00048.jpg,0
0,156
1,20
2,253
ukbench00049.jpg,0
0,107
1,0
2,251
ukbench00050.jpg,0
0,110
1,2
2,169
ukbench00051.jpg,0
0,75
1,6
2,243
ukbench00052.jpg,0
0,93
1,13
2,245
ukbench00053.jpg,0
0,20
1,0
2,244
ukbench00054.jpg,0
0,88
1,4
2,234
ukbench00055.jpg,0
0,53
1,5
2,252
ukbench00056.jpg,0
0,73
1,4
2,239
ukbench00057.jpg,0
0,74
1,1
2,164
ukbench00058.jpg,0
0,150
1,22
2,252
ukbench00059.jpg,0
0,24
1,1
2,251
ukbench00060.jpg,0
0,98
1,12
2,179
ukbench00061.jpg,0
0,23
1,2
2,244
ukbench00062.jpg,0
0,66
1,2
2,196
ukbench00063.jpg,0
0,68
1,2
2,202
ukbench00064.jpg,0
0,40
1,3
2,215
ukbench00065.jpg,0
0,12
1,5
2,181
ukbench00066.jpg,0
0,16
1,1
2,245
ukbench00067.jpg,0
0,23
1,0
2,231
ukbench00068.jpg,0
0,42
1,10
2,219
ukbench00069.jpg,0
0,74
1,10
2,216
ukbench00070.jpg,0
0,77
1,8
2,207
ukbench00071.jpg,0
0,58
1,2
2,218
ukbench00072.jpg,0
0,79
1,24
2,214
ukbench00073.jpg,0
0,52
1,13
2,209
ukbench00074.jpg,0
0,91
1,10
2,209
ukbench00075.jpg,0
0,43
1,7
2,229
ukbench00076.jpg,0
0,11
1,30
2,218
ukbench00077.jpg,0
0,18
1,7
2,238
ukbench00078.jpg,0
0,11
1,20
2,226
ukbench00079.jpg,0
0,15
1,1
2,251
ukbench00080.jpg,0
0,30
1,2
2,248
ukbench00081.jpg,0
0,14
1,36
2,213
ukbench00082.jpg,0
0,113
1,6
2,209
ukbench00083.jpg,0
0,151
1,1
2,249
ukbench00084.jpg,0
0,57
1,1
2,226
ukbench00085.jpg,0
0,101
1,23
2,185
ukbench00086.jpg,0
0,50
1,2
2,201
ukbench00087.jpg,0
0,27
1,4
2,179
ukbench00088.jpg,0
0,127
1,29
2,169
ukbench00089.jpg,0
0,18
1,3
2,244
ukbench00090.jpg,0
0,70
1,1
2,199
ukbench00091.jpg,0
0,11
1,21
2,217
ukbench00092.jpg,0
0,91
1,0
2,231
ukbench00093.jpg,0
0,90
1,4
2,205
ukbench00094.jpg,0
0,26
1,5
2,200
ukbench00095.jpg,0
0,96
1,13
2,206
ukbench00096.jpg,0
0,20
1,1
2,246
ukbench00097.jpg,0
0,11
1,10
2,135
ukbench00098.jpg,0
0,108
1,6
2,202
ukbench00099.jpg,0
0,56
1,12
2,223
ukbench00100.jpg,0
0,15
1,36
2,249
ukbench00101.jpg,0
0,154
1,4
2,156
ukbench00102.jpg,0
0,83
1,5
2,207
ukbench00103.jpg,0
0,19
1,4
2,225
ukbench00104.jpg,0
0,74
1,5
2,219
ukbench00105.jpg,0
0,89
1,6
2,214
ukbench00106.jpg,0
0,135
1,2
2,121
ukbench00107.jpg,0
0,33
1,2
2,243
ukbench00108.jpg,0
0,13
1,0
2,238
ukbench00109.jpg,0
0,11
1,2
2,209
ukbench00110.jpg,0
0,49
1,21
2,219
ukbench00111.jpg,0
0,74
1,6
2,196
ukbench00112.jpg,0
0,80
1,3
2,206
ukbench00113.jpg,0
0,59
1,4
2,237
ukbench00114.jpg,0
0,16
1,6
2,213
ukbench00115.jpg,0
0,47
1,11
2,224
ukbench00116.jpg,0
0,110
1,5
2,225
ukbench00117.jpg,0
0,64
1,7
2,213
ukbench00118.jpg,0
0,61
1,6
2,228
ukbench00119.jpg,0
0,61
1,1
2,209
ukbench00120.jpg,0
0,113
1,10
2,200
ukbench00121.jpg,0
0,30
1,7
2,232
ukbench00122.jpg,0
0,59
1,9
2,225
ukbench00123.jpg,0
0,57
1,4
2,236
ukbench00124.jpg,0
0,58
1,2
2,208
ukbench00125.jpg,0
0,12
1,4
2,250
ukbench00126.jpg,0
0,16
1,32
2,244
ukbench00127.jpg,0
0,15
1,5
2,212
ukbench00128.jpg,0
0,8
1,3
2,227
ukbench00129.jpg,0
0,98
1,0
2,250
ukbench00130.jpg,0
0,77
1,7
2,238
ukbench00131.jpg,0
0,25
1,1
2,194
ukbench00132.jpg,0
0,115
1,30
2,214
ukbench00133.jpg,0
0,106
1,16
2,217
ukbench00134.jpg,0
0,90
1,4
2,191
ukbench00135.jpg,0
0,130
1,1
2,210
ukbench00136.jpg,0
0,79
1,4
2,233
ukbench00137.jpg,0
0,105
1,21
2,182
ukbench00138.jpg,0
0,32
1,2
2,246
ukbench00139.jpg,0
0,44
1,5
2,136
ukbench00140.jpg,0
0,144
1,20
2,188
ukbench00141.jpg,0
0,11
1,24
2,252
ukbench00142.jpg,0
0,106
1,2
2,165
ukbench00143.jpg,0
0,99
1,3
2,178
ukbench00144.jpg,0
0,96
1,13
2,198
ukbench00145.jpg,0
0,114
1,0
2,249
ukbench00146.jpg,0
0,60
1,4
2,201
ukbench00147.jpg,0
0,59
1,3
2,240
ukbench00148.jpg,0
0,22
1,3
2,176
ukbench00149.jpg,0
0,132
1,25
2,252
ukbench00150.jpg,0
0,93
1,12
2,212
ukbench00151.jpg,0
0,37
1,10
2,226
ukbench00152.jpg,0
0,107
1,3
2,204
ukbench00153.jpg,0
0,128
1,16
2,216
ukbench00154.jpg,0
0,120
1,2
2,168
ukbench00155.jpg,0
0,12
1,21
2,253
ukbench00156.jpg,0
0,112
1,4
2,143
ukbench00157.jpg,0
0,29
1,1
2,242
ukbench00158.jpg,0
0,106
1,4
2,238
ukbench00159.jpg,0
0,86
1,8
2,236
ukbench00160.jpg,0
0,75
1,4
2,248
ukbench00161.jpg,0
0,70
1,9
2,233
ukbench00162.jpg,0
0,70
1,13
2,202
ukbench00163.jpg,0
0,22
1,7
2,201
ukbench00164.jpg,0
0,118
1,9
2,175
ukbench00165.jpg,0
0,175
1,11
2,92
ukbench00166.jpg,0
0,192
1,3
2,109
ukbench00167.jpg,0
0,22
1,11
2,167
ukbench00168.jpg,0
0,100
1,2
2,133
ukbench00169.jpg,0
0,126
1,0
2,251
ukbench00170.jpg,0
0,25
1,2
2,243
ukbench00171.jpg,0
0,28
1,1
2,236
ukbench00172.jpg,0
0,117
1,10
2,223
ukbench00173.jpg,0
0,30
1,2
2,249
ukbench00174.jpg,0
0,39
1,1
2,210
ukbench00175.jpg,0
0,8
1,2
2,246
ukbench00176.jpg,0
0,122
1,6
2,173
ukbench00177.jpg,0
0,29
1,4
2,250
ukbench00178.jpg,0
0,52
1,5
2,204
ukbench00179.jpg,0
0,18
1,14
2,224
ukbench00180.jpg,0
0,18
1,1
2,253
ukbench00181.jpg,0
0,79
1,34
2,201
ukbench00182.jpg,0
0,15
1,1
2,250
ukbench00183.jpg,0
0,80
1,4
2,179
ukbench00184.jpg,0
0,21
1,2
2,249
ukbench00185.jpg,0
0,132
1,3
2,163
ukbench00186.jpg,0
0,101
1,1
2,225
ukbench00187.jpg,0
0,109
1,8
2,215
ukbench00188.jpg,0
0,142
1,27
2,157
ukbench00189.jpg,0
0,33
1,1
2,238
ukbench00190.jpg,0
0,24
1,17
2,227
ukbench00191.jpg,0
0,118
1,14
2,200
ukbench00192.jpg,0
0,106
1,7
2,189
ukbench00193.jpg,0
0,28
1,2
2,249
ukbench00194.jpg,0
0,104
1,11
2,184
ukbench00195.jpg,0
0,159
1,24
2,127
ukbench00196.jpg,0
0,98
1,0
2,252
ukbench00197.jpg,0
0,73
1,2
2,219
ukbench00198.jpg,0
0,37
1,22
2,245
ukbench00199.jpg,0
0,109
1,0
2,249
ukbench00200.jpg,0
0,19
1,19
2,213
ukbench00201.jpg,0
0,26
1,2
2,245
ukbench00202.jpg,0
0,12
1,1
2,231
ukbench00203.jpg,0
0,124
1,4
2,169
ukbench00204.jpg,0
0,98
1,5
2,210
ukbench00205.jpg,0
0,92
1,5
2,169
ukbench00206.jpg,0
0,158
1,26
2,252
ukbench00207.jpg,0
0,106
1,2
2,177
ukbench00208.jpg,0
0,149
1,1
2,208
ukbench00209.jpg,0
0,113
1,16
2,182
ukbench00210.jpg,0
0,43
1,3
2,230
ukbench00211.jpg,0
0,72
1,12
2,201
ukbench00212.jpg,0
0,125
1,5
2,154
ukbench00213.jpg,0
0,87
1,9
2,202
ukbench00214.jpg,0
0,35
1,2
2,206
ukbench00215.jpg,0
0,88
1,5
2,233
ukbench00216.jpg,0
0,84
1,6
2,229
ukbench00217.jpg,0
0,106
1,4
2,182
ukbench00218.jpg,0
0,115
1,15
2,254
ukbench00219.jpg,0
0,92
1,5
2,188
ukbench00220.jpg,0
0,0
1,0
2,219
ukbench00221.jpg,0
0,75
1,10
2,245
ukbench00222.jpg,0
0,117
1,21
2,210
ukbench00223.jpg,0
0,150
1,14
2,251
ukbench00224.jpg,0
0,14
1,9
2,243
ukbench00225.jpg,0
0,17
1,10
2,203
ukbench00226.jpg,0
0,24
1,0
2,218
ukbench00227.jpg,0
0,27
1,3
2,246
ukbench00228.jpg,0
0,99
1,3
2,232
ukbench00229.jpg,0
0,102
1,2
2,205
ukbench00230.jpg,0
0,14
1,23
2,209
ukbench00231.jpg,0
0,94
1,8
2,174
ukbench00232.jpg,0
0,78
1,16
2,241
ukbench00233.jpg,0
0,102
1,5
2,223
ukbench00234.jpg,0
0,67
1,2
2,194
ukbench00235.jpg,0
0,13
1,2
2,222
ukbench00236.jpg,0
0,230
1,4
2,99
ukbench00237.jpg,0
0,148
1,1
2,169
ukbench00238.jpg,0
0,101
1,1
2,230
ukbench00239.jpg,0
0,88
1,3
2,184
ukbench00240.jpg,0
0,82
1,6
2,201
ukbench00241.jpg,0
0,17
1,2
2,203
ukbench00242.jpg,0
0,3
1,0
2,111
ukbench00243.jpg,0
0,30
1,2
2,246
ukbench00244.jpg,0
0,18
1,1
2,250
ukbench00245.jpg,0
0,127
1,8
2,139
ukbench00246.jpg,0
0,161
1,1
2,237
ukbench00247.jpg,0
0,0
1,0
2,250
ukbench00248.jpg,0
0,131
1,10
2,164
ukbench00249.jpg,0
0,16
1,4
2,247
ukbench00250.jpg,0
0,79
1,5
2,181
ukbench00251.jpg,0
0,14
1,3
2,197
ukbench00252.jpg,0
0,11
1,24
2,252
ukbench00253.jpg,0
0,24
1,5
2,249
ukbench00254.jpg,0
0,28
1,12
2,241
ukbench00255.jpg,0
0,18
1,2
2,252
ukbench00256.jpg,0
0,18
1,1
2,251
ukbench00257.jpg,0
0,78
1,4
2,199
ukbench00258.jpg,0
0,36
1,1
2,202
ukbench00259.jpg,0
0,58
1,4
2,206
ukbench00260.jpg,0
0,29
1,0
2,214
ukbench00261.jpg,0
0,121
1,13
2,155
ukbench00262.jpg,0
0,160
1,3
2,150
ukbench00263.jpg,0
0,122
1,0
2,246
ukbench00264.jpg,0
0,139
1,7
2,132
ukbench00265.jpg,0
0,32
1,3
2,226
ukbench00266.jpg,0
0,114
1,5
2,212
ukbench00267.jpg,0
0,25
1,1
2,244
ukbench00268.jpg,0
0,33
1,5
2,242
ukbench00269.jpg,0
0,47
1,0
2,240
ukbench00270.jpg,0
0,118
1,19
2,134
ukbench00271.jpg,0
0,110
1,3
2,171
ukbench00272.jpg,0
0,52
1,4
2,184
ukbench00273.jpg,0
0,49
1,7
2,238
ukbench00274.jpg,0
0,175
1,41
2,190
ukbench00275.jpg,0
0,68
1,5
2,235
ukbench00276.jpg,0
0,110
1,5
2,175
ukbench00277.jpg,0
0,22
1,0
2,158
ukbench00278.jpg,0
0,81
1,10
2,229
ukbench00279.jpg,0
0,138
1,15
2,177
ukbench00280.jpg,0
0,163
1,34
2,220
ukbench00281.jpg,0
0,29
1,1
2,249
ukbench00282.jpg,0
0,85
1,8
2,223
ukbench00283.jpg,0
0,84
1,7
2,225
ukbench00284.jpg,0
0,11
1,12
2,254
ukbench00285.jpg,0
0,45
1,0
2,240
ukbench00286.jpg,0
0,126
1,14
2,238
ukbench00287.jpg,0
0,145
1,5
2,225
ukbench00288.jpg,0
0,59
1,4
2,229
ukbench00289.jpg,0
0,74
1,8
2,212
ukbench00290.jpg,0
0,51
1,3
2,235
ukbench00291.jpg,0
0,53
1,3
2,226
ukbench00292.jpg,0
0,197
1,2
2,120
ukbench00293.jpg,0
0,99
1,5
2,168
ukbench00294.jpg,0
0,26
1,5
2,241
ukbench00295.jpg,0
0,209
1,19
2,244
ukbench00296.jpg,0
0,66
1,10
2,211
ukbench00297.jpg,0
0,30
1,4
2,188
ukbench00298.jpg,0
0,12
1,9
2,236
ukbench00299.jpg,0
0,146
1,5
2,202
ukbench00300.jpg,0
0,74
1,15
2,201
ukbench00301.jpg,0
0,26
1,9
2,183
ukbench00302.jpg,0
0,111
1,6
2,168
ukbench00303.jpg,0
0,53
1,0
2,227
ukbench00304.jpg,0
0,105
1,13
2,225
ukbench00305.jpg,0
0,80
1,6
2,214
ukbench00306.jpg,0
0,77
1,1
2,231
ukbench00307.jpg,0
0,104
1,33
2,220
ukbench00308.jpg,0
0,106
1,5
2,242
ukbench00309.jpg,0
0,88
1,10
2,244
ukbench00310.jpg,0
0,105
1,14
2,228
ukbench00311.jpg,0
0,64
1,3
2,177
ukbench00312.jpg,0
0,41
1,10
2,237
ukbench00313.jpg,0
0,50
1,24
2,235
ukbench00314.jpg,0
0,89
1,13
2,252
ukbench00315.jpg,0
0,125
1,20
2,251
ukbench00316.jpg,0
0,68
1,1
2,194
ukbench00317.jpg,0
0,71
1,3
2,186
ukbench00318.jpg,0
0,84
1,4
2,199
ukbench00319.jpg,0
0,73
1,3
2,242
ukbench00320.jpg,0
0,76
1,3
2,239
ukbench00321.jpg,0
0,89
1,1
2,210
ukbench00322.jpg,0
0,114
1,10
2,207
ukbench00323.jpg,0
0,49
1,4
2,245
ukbench00324.jpg,0
0,95
1,11
2,233
ukbench00325.jpg,0
0,16
1,2
2,246
ukbench00326.jpg,0
0,147
1,2
2,234
ukbench00327.jpg,0
0,44
1,17
2,226
ukbench00328.jpg,0
0,19
1,2
2,206
ukbench00329.jpg,0
0,94
1,7
2,254
ukbench00330.jpg,0
0,50
1,5
2,226
ukbench00331.jpg,0
0,29
1,2
2,224
ukbench00332.jpg,0
0,59
1,2
2,203
ukbench00333.jpg,0
0,37
1,2
2,238
ukbench00334.jpg,0
0,40
1,7
2,232
ukbench00335.jpg,0
0,37
1,38
2,211
ukbench00336.jpg,0
0,149
1,22
2,129
ukbench00337.jpg,0
0,19
1,7
2,224
ukbench00338.jpg,0
0,97
1,12
2,135
ukbench00339.jpg,0
0,27
1,3
2,239
ukbench00340.jpg,0
0,43
1,5
2,240
ukbench00341.jpg,0
0,97
1,14
2,202
ukbench00342.jpg,0
0,62
1,3
2,193
ukbench00343.jpg,0
0,67
1,1
2,231
ukbench00344.jpg,0
0,25
1,13
2,226
ukbench00345.jpg,0
0,85
1,7
2,199
ukbench00346.jpg,0
0,42
1,2
2,241
ukbench00347.jpg,0
0,61
1,21
2,213
ukbench00348.jpg,0
0,15
1,0
2,241
ukbench00349.jpg,0
0,147
1,1
2,249
ukbench00350.jpg,0
0,109
1,0
2,209
ukbench00351.jpg,0
0,26
1,12
2,192
ukbench00352.jpg,0
0,14
1,34
2,250
ukbench00353.jpg,0
0,30
1,3
2,245
ukbench00354.jpg,0
0,10
1,6
2,251
ukbench00355.jpg,0
0,57
1,2
2,210
ukbench00356.jpg,0
0,105
1,3
2,175
ukbench00357.jpg,0
0,19
1,3
2,251
ukbench00358.jpg,0
0,21
1,2
2,231
ukbench00359.jpg,0
0,83
1,1
2,200
ukbench00360.jpg,0
0,21
1,0
2,207
ukbench00361.jpg,0
0,95
1,10
2,241
ukbench00362.jpg,0
0,48
1,5
2,204
ukbench00363.jpg,0
0,126
1,0
2,244
ukbench00364.jpg,0
0,42
1,7
2,150
ukbench00365.jpg,0
0,63
1,11
2,208
ukbench00366.jpg,0
0,91
1,6
2,148
ukbench00367.jpg,0
0,145
1,11
2,168
ukbench00368.jpg,0
0,119
1,0
2,195
ukbench00369.jpg,0
0,29
1,4
2,192
ukbench00370.jpg,0
0,110
1,0
2,250
ukbench00371.jpg,0
0,108
1,0
2,192
ukbench00372.jpg,0
0,68
1,3
2,244
ukbench00373.jpg,0
0,153
1,27
2,194
ukbench00374.jpg,0
0,30
1,9
2,248
ukbench00375.jpg,0
0,57
1,8
2,129
ukbench00376.jpg,0
0,153
1,9
2,218
ukbench00377.jpg,0
0,120
1,17
2,253
ukbench00378.jpg,0
0,11
1,1
2,232
ukbench00379.jpg,0
0,97
1,14
2,189
ukbench00380.jpg,0
0,99
1,16
2,231
ukbench00381.jpg,0
0,79
1,1
2,204
ukbench00382.jpg,0
0,120
1,3
2,227
ukbench00383.jpg,0
0,179
1,32
2,252
ukbench00384.jpg,0
0,203
1,37
2,251
ukbench00385.jpg,0
0,100
1,45
2,234
ukbench00386.jpg,0
0,116
1,5
2,175
ukbench00387.jpg,0
0,50
1,4
2,210
ukbench00388.jpg,0
0,29
1,20
2,251
ukbench00389.jpg,0
0,51
1,6
2,228
ukbench00390.jpg,0
0,101
1,4
2,231
ukbench00391.jpg,0
0,98
1,0
2,215
ukbench00392.jpg,0
0,70
1,0
2,247
ukbench00393.jpg,0
0,112
1,20
2,244
ukbench00394.jpg,0
0,78
1,16
2,248
ukbench00395.jpg,0
0,60
1,3
2,238
ukbench00396.jpg,0
0,49
1,1
2,251
ukbench00397.jpg,0
0,19
1,3
2,230
ukbench00398.jpg,0
0,54
1,10
2,245
ukbench00399.jpg,0
0,65
1,9
2,230
ukbench00400.jpg,0
0,20
1,2
2,251
ukbench00401.jpg,0
0,26
1,2
2,247
ukbench00402.jpg,0
0,147
1,14
2,209
ukbench00403.jpg,0
0,112
1,6
2,199
ukbench00404.jpg,0
0,70
1,12
2,229
ukbench00405.jpg,0
0,50
1,3
2,246
ukbench00406.jpg,0
0,70
1,0
2,246
ukbench00407.jpg,0
0,31
1,1
2,246
ukbench00408.jpg,0
0,11
1,16
2,251
ukbench00409.jpg,0
0,123
1,9
2,211
ukbench00410.jpg,0
0,67
1,3
2,225
ukbench00411.jpg,0
0,19
1,0
2,250
ukbench00412.jpg,0
0,143
1,3
2,181
ukbench00413.jpg,0
0,117
1,10
2,203
ukbench00414.jpg,0
0,109
1,29
2,187
ukbench00415.jpg,0
0,111
1,9
2,225
ukbench00416.jpg,0
0,35
1,0
2,213
ukbench00417.jpg,0
0,68
1,0
2,238
ukbench00418.jpg,0
0,126
1,2
2,180
ukbench00419.jpg,0
0,13
1,18
2,251
ukbench00420.jpg,0
0,85
1,1
2,230
ukbench00421.jpg,0
0,105
1,6
2,224
ukbench00422.jpg,0
0,145
1,22
2,204
ukbench00423.jpg,0
0,97
1,6
2,191
ukbench00424.jpg,0
0,76
1,10
2,248
ukbench00425.jpg,0
0,59
1,8
2,228
ukbench00426.jpg,0
0,131
1,29
2,183
ukbench00427.jpg,0
0,66
1,8
2,221
ukbench00428.jpg,0
0,13
1,20
2,253
ukbench00429.jpg,0
0,60
1,17
2,213
ukbench00430.jpg,0
0,108
1,12
2,207
ukbench00431.jpg,0
0,56
1,1
2,205
ukbench00432.jpg,0
0,90
1,11
2,254
ukbench00433.jpg,0
0,138
1,0
2,246
ukbench00434.jpg,0
0,150
1,1
2,210
ukbench00435.jpg,0
0,122
1,14
2,234
ukbench00436.jpg,0
0,131
1,1
2,246
ukbench00437.jpg,0
0,19
1,2
2,180
ukbench00438.jpg,0
0,22
1,1
2,224
ukbench00439.jpg,0
0,36
1,2
2,243
ukbench00440.jpg,0
0,133
1,6
2,145
ukbench00441.jpg,0
0,19
1,2
2,174
ukbench00442.jpg,0
0,10
1,8
2,142
ukbench00443.jpg,0
0,16
1,4
2,249
ukbench00444.jpg,0
0,13
1,2
2,228
ukbench00445.jpg,0
0,77
1,4
2,240
ukbench00446.jpg,0
0,128
1,10
2,198
ukbench00447.jpg,0
0,28
1,0
2,250
ukbench00448.jpg,0
0,16
1,3
2,168
ukbench00449.jpg,0
0,123
1,19
2,159
ukbench00450.jpg,0
0,22
1,0
2,248
ukbench00451.jpg,0
0,23
1,17
2,175
ukbench00452.jpg,0
0,95
1,11
2,198
ukbench00453.jpg,0
0,83
1,2
2,221
ukbench00454.jpg,0
0,89
1,1
2,191
ukbench00455.jpg,0
0,24
1,3
2,249
ukbench00456.jpg,0
0,117
1,2
2,156
ukbench00457.jpg,0
0,59
1,4
2,254
ukbench00458.jpg,0
0,64
1,12
2,239
ukbench00459.jpg,0
0,39
1,7
2,245
ukbench00460.jpg,0
0,70
1,12
2,207
ukbench00461.jpg,0
0,19
1,5
2,240
ukbench00462.jpg,0
0,132
1,6
2,166
ukbench00463.jpg,0
0,120
1,19
2,210
ukbench00464.jpg,0
0,28
1,6
2,243
ukbench00465.jpg,0
0,152
1,11
2,175
ukbench00466.jpg,0
0,106
1,14
2,193
ukbench00467.jpg,0
0,86
1,10
2,192
ukbench00468.jpg,0
0,14
1,40
2,189
ukbench00469.jpg,0
0,130
1,7
2,177
ukbench00470.jpg,0
0,126
1,2
2,161
ukbench00471.jpg,0
0,33
1,1
2,198
ukbench00472.jpg,0
0,0
1,0
2,140
ukbench00473.jpg,0
0,130
1,26
2,194
ukbench00474.jpg,0
0,18
1,33
2,239
ukbench00475.jpg,0
0,18
1,2
2,208
ukbench00476.jpg,0
0,159
1,2
2,144
ukbench00477.jpg,0
0,43
1,15
2,250
ukbench00478.jpg,0
0,85
1,2
2,242
ukbench00479.jpg,0
0,124
1,5
2,241
ukbench00480.jpg,0
0,107
1,13
2,183
ukbench00481.jpg,0
0,81
1,12
2,199
ukbench00482.jpg,0
0,82
1,2
2,215
ukbench00483.jpg,0
0,38
1,6
2,237
ukbench00484.jpg,0
0,72
1,0
2,245
ukbench00485.jpg,0
0,129
1,1
2,246
ukbench00486.jpg,0
0,16
1,10
2,250
ukbench00487.jpg,0
0,118
1,9
2,181
ukbench00488.jpg,0
0,39
1,4
2,203
ukbench00489.jpg,0
0,14
1,16
2,254
ukbench00490.jpg,0
0,133
1,24
2,251
ukbench00491.jpg,0
0,89
1,2
2,226
ukbench00492.jpg,0
0,109
1,11
2,235
ukbench00493.jpg,0
0,105
1,13
2,169
ukbench00494.jpg,0
0,58
1,0
2,196
ukbench00495.jpg,0
0,94
1,2
2,185
ukbench00496.jpg,0
0,0
1,0
2,192
ukbench00497.jpg,0
0,31
1,2
2,247
ukbench00498.jpg,0
0,72
1,1
2,208
ukbench00499.jpg,0
0,56
1,0
2,203
ukbench00500.jpg,0
0,104
1,13
2,216
ukbench00501.jpg,0
0,79
1,3
2,236
ukbench00502.jpg,0
0,74
1,6
2,199
ukbench00503.jpg,0
0,66
1,1
2,208
ukbench00504.jpg,0
0,170
1,5
2,137
ukbench00505.jpg,0
0,126
1,13
2,190
ukbench00506.jpg,0
0,91
1,6
2,237
ukbench00507.jpg,0
0,209
1,24
2,249
ukbench00508.jpg,0
0,146
1,7
2,139
ukbench00509.jpg,0
0,52
1,0
2,214
ukbench00510.jpg,0
0,137
1,1
2,210
ukbench00511.jpg,0
0,152
1,6
2,152
ukbench00512.jpg,0
0,75
1,3
2,226
ukbench00513.jpg,0
0,42
1,3
2,195
ukbench00514.jpg,0
0,45
1,20
2,238
ukbench00515.jpg,0
0,35
1,3
2,242
ukbench00516.jpg,0
0,50
1,5
2,236
ukbench00517.jpg,0
0,37
1,5
2,211
ukbench00518.jpg,0
0,123
1,4
2,175
ukbench00519.jpg,0
0,65
1,6
2,196
ukbench00520.jpg,0
0,57
1,10
2,209
ukbench00521.jpg,0
0,47
1,5
2,235
ukbench00522.jpg,0
0,19
1,4
2,233
ukbench00523.jpg,0
0,138
1,2
2,160
ukbench00524.jpg,0
0,104
1,4
2,183
ukbench00525.jpg,0
0,16
1,5
2,220
ukbench00526.jpg,0
0,66
1,10
2,247
ukbench00527.jpg,0
0,25
1,3
2,250
ukbench00528.jpg,0
0,90
1,38
2,231
ukbench00529.jpg,0
0,96
1,0
2,250
ukbench00530.jpg,0
0,99
1,8
2,211
ukbench00531.jpg,0
0,149
1,13
2,184
ukbench00532.jpg,0
0,25
1,1
2,248
ukbench00533.jpg,0
0,116
1,6
2,247
ukbench00534.jpg,0
0,104
1,8
2,189
ukbench00535.jpg,0
0,73
1,4
2,248
ukbench00536.jpg,0
0,73
1,3
2,240
ukbench00537.jpg,0
0,36
1,7
2,142
ukbench00538.jpg,0
0,101
1,4
2,212
ukbench00539.jpg,0
0,242
1,31
2,251
ukbench00540.jpg,0
0,83
1,13
2,192
ukbench00541.jpg,0
0,22
1,1
2,226
ukbench00542.jpg,0
0,114
1,3
2,195
ukbench00543.jpg,0
0,107
1,6
2,233
ukbench00544.jpg,0
0,95
1,6
2,217
ukbench00545.jpg,0
0,31
1,13
2,185
ukbench00546.jpg,0
0,87
1,14
2,230
ukbench00547.jpg,0
0,89
1,14
2,197
ukbench00548.jpg,0
0,149
1,3
2,154
ukbench00549.jpg,0
0,34
1,22
2,174
ukbench00550.jpg,0
0,133
1,27
2,242
ukbench00551.jpg,0
0,85
1,3
2,200
ukbench00552.jpg,0
0,48
1,6
2,226
ukbench00553.jpg,0
0,65
1,3
2,207
ukbench00554.jpg,0
0,57
1,1
2,191
ukbench00555.jpg,0
0,52
1,2
2,231
ukbench00556.jpg,0
0,13
1,7
2,211
ukbench00557.jpg,0
0,21
1,3
2,223
ukbench00558.jpg,0
0,64
1,11
2,252
ukbench00559.jpg,0
0,48
1,3
2,241
ukbench00560.jpg,0
0,50
1,2
2,248
ukbench00561.jpg,0
0,92
1,12
2,184
ukbench00562.jpg,0
0,128
1,11
2,231
ukbench00563.jpg,0
0,139
1,0
2,248
ukbench00564.jpg,0
0,134
1,12
2,243
ukbench00565.jpg,0
0,95
1,12
2,184
ukbench00566.jpg,0
0,98
1,8
2,243
ukbench00567.jpg,0
0,137
1,10
2,247
ukbench00568.jpg,0
0,115
1,12
2,241
ukbench00569.jpg,0
0,82
1,2
2,216
ukbench00570.jpg,0
0,136
1,24
2,148
ukbench00571.jpg,0
0,152
1,14
2,189
ukbench00572.jpg,0
0,87
1,2
2,190
ukbench00573.jpg,0
0,52
1,2
2,206
ukbench00574.jpg,0
0,29
1,0
2,248
ukbench00575.jpg,0
0,17
1,2
2,220
ukbench00576.jpg,0
0,125
1,8
2,220
ukbench00577.jpg,0
0,79
1,11
2,216
ukbench00578.jpg,0
0,58
1,10
2,244
ukbench00579.jpg,0
0,20
1,7
2,240
ukbench00580.jpg,0
0,82
1,6
2,206
ukbench00581.jpg,0
0,139
1,8
2,146
ukbench00582.jpg,0
0,86
1,2
2,196
ukbench00583.jpg,0
0,10
1,6
2,200
ukbench00584.jpg,0
0,124
1,16
2,161
ukbench00585.jpg,0
0,12
1,9
2,248
ukbench00586.jpg,0
0,79
1,13
2,231
ukbench00587.jpg,0
0,102
1,3
2,190
ukbench00588.jpg,0
0,86
1,7
2,230
ukbench00589.jpg,0
0,91
1,30
2,207
ukbench00590.jpg,0
0,69
1,3
2,191
ukbench00591.jpg,0
0,9
1,2
2,217
ukbench00592.jpg,0
0,98
1,4
2,186
ukbench00593.jpg,0
0,103
1,4
2,177
ukbench00594.jpg,0
0,81
1,6
2,195
ukbench00595.jpg,0
0,79
1,3
2,238
ukbench00596.jpg,0
0,51
1,2
2,215
ukbench00597.jpg,0
0,33
1,0
2,249
ukbench00598.jpg,0
0,98
1,0
2,250
ukbench00599.jpg,0
0,80
1,1
2,201
ukbench00600.jpg,0
0,92
1,3
2,192
ukbench00601.jpg,0
0,52
1,0
2,228
ukbench00602.jpg,0
0,21
1,2
2,248
ukbench00603.jpg,0
0,18
1,2
2,251
ukbench00604.jpg,0
0,19
1,2
2,250
ukbench00605.jpg,0
0,57
1,5
2,207
ukbench00606.jpg,0
0,67
1,2
2,205
ukbench00607.jpg,0
0,16
1,1
2,248
ukbench00608.jpg,0
0,18
1,2
2,249
ukbench00609.jpg,0
0,31
1,5
2,249
ukbench00610.jpg,0
0,69
1,23
2,220
ukbench00611.jpg,0
0,86
1,31
2,206
ukbench00612.jpg,0
0,76
1,2
2,205
ukbench00613.jpg,0
0,31
1,1
2,239
ukbench00614.jpg,0
0,86
1,24
2,216
ukbench00615.jpg,0
0,91
1,23
2,213
ukbench00616.jpg,0
0,126
1,4
2,148
ukbench00617.jpg,0
0,46
1,2
2,209
ukbench00618.jpg,0
0,70
1,1
2,199
ukbench00619.jpg,0
0,111
1,4
2,187
ukbench00620.jpg,0
0,109
1,36
2,205
ukbench00621.jpg,0
0,82
1,5
2,196
ukbench00622.jpg,0
0,48
1,5
2,219
ukbench00623.jpg,0
0,63
1,6
2,230
ukbench00624.jpg,0
0,94
1,0
2,249
ukbench00625.jpg,0
0,57
1,0
2,223
ukbench00626.jpg,0
0,159
1,21
2,188
ukbench00627.jpg,0
0,47
1,4
2,247
ukbench00628.jpg,0
0,90
1,11
2,238
ukbench00629.jpg,0
0,61
1,1
2,213
ukbench00630.jpg,0
0,33
1,3
2,160
ukbench00631.jpg,0
0,89
1,10
2,202
ukbench00632.jpg,0
0,129
1,0
2,248
ukbench00633.jpg,0
0,82
1,4
2,188
ukbench00634.jpg,0
0,81
1,8
2,209
ukbench00635.jpg,0
0,39
1,6
2,226
ukbench00636.jpg,0
0,41
1,15
2,233
ukbench00637.jpg,0
0,11
1,6
2,248
ukbench00638.jpg,0
0,14
1,8
2,236
ukbench00639.jpg,0
0,104
1,8
2,214
ukbench00640.jpg,0
0,64
1,2
2,200
ukbench00641.jpg,0
0,93
1,2
2,207
ukbench00642.jpg,0
0,62
1,3
2,198
ukbench00643.jpg,0
0,13
1,5
2,240
ukbench00644.jpg,0
0,63
1,1
2,202
ukbench00645.jpg,0
0,10
1,4
2,242
ukbench00646.jpg,0
0,58
1,3
2,212
ukbench00647.jpg,0
0,54
1,2
2,205
ukbench00648.jpg,0
0,103
1,2
2,245
ukbench00649.jpg,0
0,21
1,2
2,190
ukbench00650.jpg,0
0,22
1,4
2,199
ukbench00651.jpg,0
0,53
1,3
2,252
ukbench00652.jpg,0
0,30
1,3
2,196
ukbench00653.jpg,0
0,70
1,1
2,230
ukbench00654.jpg,0
0,64
1,1
2,225
ukbench00655.jpg,0
0,99
1,14
2,225
ukbench00656.jpg,0
0,83
1,1
2,179
ukbench00657.jpg,0
0,105
1,6
2,174
ukbench00658.jpg,0
0,87
1,9
2,231
ukbench00659.jpg,0
0,74
1,8
2,212
ukbench00660.jpg,0
0,72
1,16
2,179
ukbench00661.jpg,0
0,24
1,4
2,180
ukbench00662.jpg,0
0,78
1,3
2,197
ukbench00663.jpg,0
0,243
1,6
2,98
ukbench00664.jpg,0
0,27
1,10
2,241
ukbench00665.jpg,0
0,16
1,6
2,245
ukbench00666.jpg,0
0,78
1,1
2,196
ukbench00667.jpg,0
0,49
1,2
2,193
ukbench00668.jpg,0
0,93
1,3
2,174
ukbench00669.jpg,0
0,91
1,1
2,201
ukbench00670.jpg,0
0,0
1,0
2,250
ukbench00671.jpg,0
0,35
1,1
2,224
ukbench00672.jpg,0
0,69
1,5
2,235
ukbench00673.jpg,0
0,23
1,1
2,235
ukbench00674.jpg,0
0,79
1,8
2,215
ukbench00675.jpg,0
0,101
1,7
2,179
ukbench00676.jpg,0
0,88
1,0
2,249
ukbench00677.jpg,0
0,25
1,7
2,238
ukbench00678.jpg,0
0,15
1,0
2,198
ukbench00679.jpg,0
0,95
1,4
2,232
ukbench00680.jpg,0
0,22
1,10
2,214
ukbench00681.jpg,0
0,111
1,5
2,178
ukbench00682.jpg,0
0,61
1,2
2,221
ukbench00683.jpg,0
0,41
1,0
2,204
ukbench00684.jpg,0
0,86
1,4
2,218
ukbench00685.jpg,0
0,100
1,5
2,221
ukbench00686.jpg,0
0,117
1,6
2,191
ukbench00687.jpg,0
0,186
1,7
2,120
ukbench00688.jpg,0
0,146
1,11
2,163
ukbench00689.jpg,0
0,145
1,7
2,154
ukbench00690.jpg,0
0,116
1,21
2,189
ukbench00691.jpg,0
0,174
1,28
2,252
ukbench00692.jpg,0
0,129
1,33
2,200
ukbench00693.jpg,0
0,135
1,16
2,196
ukbench00694.jpg,0
0,142
1,23
2,253
ukbench00695.jpg,0
0,99
1,2
2,147
ukbench00696.jpg,0
0,35
1,9
2,251
ukbench00697.jpg,0
0,78
1,1
2,173
ukbench00698.jpg,0
0,114
1,12
2,234
ukbench00699.jpg,0
0,119
1,3
2,165
ukbench00700.jpg,0
0,58
1,2
2,214
ukbench00701.jpg,0
0,21
1,10
2,219
ukbench00702.jpg,0
0,23
1,5
2,184
ukbench00703.jpg,0
0,79
1,0
2,246
ukbench00704.jpg,0
0,64
1,0
2,251
ukbench00705.jpg,0
0,143
1,6
2,147
ukbench00706.jpg,0
0,25
1,1
2,223
ukbench00707.jpg,0
0,131
1,7
2,137
ukbench00708.jpg,0
0,24
1,3
2,214
ukbench00709.jpg,0
0,23
1,3
2,245
ukbench00710.jpg,0
0,19
1,3
2,243
ukbench00711.jpg,0
0,156
1,7
2,129
ukbench00712.jpg,0
0,19
1,6
2,204
ukbench00713.jpg,0
0,160
1,3
2,148
ukbench00714.jpg,0
0,53
1,1
2,240
ukbench00715.jpg,0
0,12
1,9
2,215
ukbench00716.jpg,0
0,116
1,12
2,204
ukbench00717.jpg,0
0,155
1,13
2,250
ukbench00718.jpg,0
0,25
1,4
2,248
ukbench00719.jpg,0
0,67
1,4
2,223
ukbench00720.jpg,0
0,66
1,3
2,204
ukbench00721.jpg,0
0,21
1,2
2,181
ukbench00722.jpg,0
0,70
1,15
2,198
ukbench00723.jpg,0
0,27
1,12
2,94
ukbench00724.jpg,0
0,107
1,5
2,180
ukbench00725.jpg,0
0,39
1,4
2,249
ukbench00726.jpg,0
0,31
1,2
2,236
ukbench00727.jpg,0
0,87
1,16
2,197
ukbench00728.jpg,0
0,83
1,6
2,201
ukbench00729.jpg,0
0,11
1,2
2,200
ukbench00730.jpg,0
0,73
1,11
2,209
ukbench00731.jpg,0
0,28
1,4
2,245
ukbench00732.jpg,0
0,84
1,2
2,191
ukbench00733.jpg,0
0,0
1,0
2,170
ukbench00734.jpg,0
0,41
1,5
2,222
ukbench00735.jpg,0
0,10
1,5
2,231
ukbench00736.jpg,0
0,120
1,2
2,168
ukbench00737.jpg,0
0,32
1,3
2,250
ukbench00738.jpg,0
0,44
1,1
2,221
ukbench00739.jpg,0
0,127
1,2
2,159
ukbench00740.jpg,0
0,58
1,26
2,209
ukbench00741.jpg,0
0,156
1,8
2,125
ukbench00742.jpg,0
0,52
1,2
2,182
ukbench00743.jpg,0
0,172
1,8
2,238
ukbench00744.jpg,0
0,122
1,2
2,201
ukbench00745.jpg,0
0,8
1,4
2,195
ukbench00746.jpg,0
0,10
1,5
2,247
ukbench00747.jpg,0
0,85
1,1
2,200
ukbench00748.jpg,0
0,69
1,1
2,212
ukbench00749.jpg,0
0,75
1,2
2,197
ukbench00750.jpg,0
0,145
1,5
2,131
ukbench00751.jpg,0
0,28
1,7
2,176
ukbench00752.jpg,0
0,60
1,7
2,225
ukbench00753.jpg,0
0,62
1,18
2,209
ukbench00754.jpg,0
0,45
1,11
2,235
ukbench00755.jpg,0
0,90
1,3
2,195
ukbench00756.jpg,0
0,27
1,3
2,140
ukbench00757.jpg,0
0,22
1,2
2,248
ukbench00758.jpg,0
0,76
1,4
2,238
ukbench00759.jpg,0
0,62
1,2
2,214
ukbench00760.jpg,0
0,24
1,3
2,245
ukbench00761.jpg,0
0,24
1,3
2,244
ukbench00762.jpg,0
0,60
1,1
2,217
ukbench00763.jpg,0
0,143
1,11
2,139
ukbench00764.jpg,0
0,29
1,2
2,243
ukbench00765.jpg,0
0,157
1,3
2,209
ukbench00766.jpg,0
0,121
1,3
2,165
ukbench00767.jpg,0
0,75
1,2
2,180
ukbench00768.jpg,0
0,82
1,18
2,208
ukbench00769.jpg,0
0,11
1,5
2,249
ukbench00770.jpg,0
0,235
1,7
2,164
ukbench00771.jpg,0
0,42
1,1
2,211
ukbench00772.jpg,0
0,155
1,4
2,144
ukbench00773.jpg,0
0,72
1,6
2,235
ukbench00774.jpg,0
0,73
1,2
2,184
ukbench00775.jpg,0
0,62
1,0
2,191
ukbench00776.jpg,0
0,54
1,9
2,204
ukbench00777.jpg,0
0,97
1,24
2,248
ukbench00778.jpg,0
0,32
1,3
2,231
ukbench00779.jpg,0
0,99
1,2
2,215
ukbench00780.jpg,0
0,87
1,5
2,183
ukbench00781.jpg,0
0,37
1,36
2,247
ukbench00782.jpg,0
0,40
1,45
2,243
ukbench00783.jpg,0
0,146
1,27
2,185
ukbench00784.jpg,0
0,7
1,4
2,237
ukbench00785.jpg,0
0,7
1,0
2,250
ukbench00786.jpg,0
0,57
1,4
2,196
ukbench00787.jpg,0
0,94
1,3
2,188
ukbench00788.jpg,0
0,110
1,5
2,172
ukbench00789.jpg,0
0,67
1,3
2,199
ukbench00790.jpg,0
0,43
1,8
2,173
ukbench00791.jpg,0
0,179
1,4
2,136
ukbench00792.jpg,0
0,104
1,0
2,251
ukbench00793.jpg,0
0,15
1,5
2,248
ukbench00794.jpg,0
0,22
1,8
2,196
ukbench00795.jpg,0
0,37
1,4
2,193
ukbench00796.jpg,0
0,116
1,9
2,142
ukbench00797.jpg,0
0,31
1,4
2,228
ukbench00798.jpg,0
0,84
1,9
2,204
ukbench00799.jpg,0
0,141
1,10
2,163
ukbench00800.jpg,0
0,113
1,27
2,163
ukbench00801.jpg,0
0,117
1,8
2,135
ukbench00802.jpg,0
0,23
1,2
2,233
ukbench00803.jpg,0
0,34
1,3
2,222
ukbench00804.jpg,0
0,89
1,23
2,187
ukbench00805.jpg,0
0,102
1,2
2,241
ukbench00806.jpg,0
0,131
1,2
2,183
ukbench00807.jpg,0
0,29
1,1
2,226
ukbench00808.jpg,0
0,24
1,4
2,246
ukbench00809.jpg,0
0,22
1,8
2,236
ukbench00810.jpg,0
0,69
1,18
2,223
ukbench00811.jpg,0
0,28
1,1
2,213
ukbench00812.jpg,0
0,130
1,3
2,177
ukbench00813.jpg,0
0,21
1,1
2,250
ukbench00814.jpg,0
0,22
1,4
2,249
ukbench00815.jpg,0
0,88
1,13
2,195
ukbench00816.jpg,0
0,101
1,2
2,166
ukbench00817.jpg,0
0,23
1,2
2,248
ukbench00818.jpg,0
0,16
1,2
2,247
ukbench00819.jpg,0
0,191
1,3
2,120
ukbench00820.jpg,0
0,39
1,1
2,192
ukbench00821.jpg,0
0,82
1,16
2,210
ukbench00822.jpg,0
0,82
1,2
2,196
ukbench00823.jpg,0
0,92
1,4
2,178
ukbench00824.jpg,0
0,25
1,25
2,221
ukbench00825.jpg,0
0,35
1,27
2,223
ukbench00826.jpg,0
0,29
1,0
2,248
ukbench00827.jpg,0
0,117
1,24
2,192
ukbench00828.jpg,0
0,121
1,3
2,164
ukbench00829.jpg,0
0,21
1,2
2,247
ukbench00830.jpg,0
0,31
1,2
2,242
ukbench00831.jpg,0
0,152
1,0
2,248
ukbench00832.jpg,0
0,31
1,5
2,246
ukbench00833.jpg,0
0,112
1,0
2,218
ukbench00834.jpg,0
0,93
1,8
2,229
ukbench00835.jpg,0
0,20
1,7
2,210
ukbench00836.jpg,0
0,83
1,13
2,216
ukbench00837.jpg,0
0,27
1,5
2,244
ukbench00838.jpg,0
0,31
1,27
2,243
ukbench00839.jpg,0
0,27
1,28
2,242
ukbench00840.jpg,0
0,25
1,2
2,250
ukbench00841.jpg,0
0,132
1,20
2,201
ukbench00842.jpg,0
0,93
1,15
2,217
ukbench00843.jpg,0
0,29
1,2
2,247
ukbench00844.jpg,0
0,58
1,5
2,235
ukbench00845.jpg,0
0,90
1,24
2,175
ukbench00846.jpg,0
0,168
1,5
2,127
ukbench00847.jpg,0
0,110
1,15
2,211
ukbench00848.jpg,0
0,108
1,34
2,177
ukbench00849.jpg,0
0,40
1,4
2,223
ukbench00850.jpg,0
0,21
1,5
2,161
ukbench00851.jpg,0
0,139
1,7
2,147
ukbench00852.jpg,0
0,29
1,3
2,245
ukbench00853.jpg,0
0,38
1,3
2,248
ukbench00854.jpg,0
0,131
1,3
2,225
ukbench00855.jpg,0
0,25
1,3
2,247
ukbench00856.jpg,0
0,141
1,6
2,162
ukbench00857.jpg,0
0,156
1,9
2,150
ukbench00858.jpg,0
0,79
1,2
2,194
ukbench00859.jpg,0
0,28
1,2
2,248
ukbench00860.jpg,0
0,152
1,4
2,143
ukbench00861.jpg,0
0,90
1,7
2,185
ukbench00862.jpg,0
0,21
1,3
2,247
ukbench00863.jpg,0
0,162
1,31
2,204
ukbench00864.jpg,0
0,102
1,4
2,168
ukbench00865.jpg,0
0,6
1,4
2,213
ukbench00866.jpg,0
0,76
1,4
2,133
ukbench00867.jpg,0
0,54
1,0
2,213
ukbench00868.jpg,0
0,76
1,3
2,202
ukbench00869.jpg,0
0,34
1,0
2,246
ukbench00870.jpg,0
0,15
1,16
2,253
ukbench00871.jpg,0
0,20
1,7
2,208
ukbench00872.jpg,0
0,43
1,9
2,168
ukbench00873.jpg,0
0,66
1,1
2,205
ukbench00874.jpg,0
0,21
1,27
2,245
ukbench00875.jpg,0
0,146
1,32
2,246
ukbench00876.jpg,0
0,84
1,5
2,228
ukbench00877.jpg,0
0,54
1,14
2,219
ukbench00878.jpg,0
0,34
1,1
2,223
ukbench00879.jpg,0
0,92
1,3
2,154
ukbench00880.jpg,0
0,21
1,7
2,207
ukbench00881.jpg,0
0,107
1,1
2,249
ukbench00882.jpg,0
0,74
1,2
2,202
ukbench00883.jpg,0
0,93
1,0
2,250
ukbench00884.jpg,0
0,24
1,20
2,240
ukbench00885.jpg,0
0,21
1,9
2,246
ukbench00886.jpg,0
0,183
1,5
2,141
ukbench00887.jpg,0
0,12
1,5
2,164
ukbench00888.jpg,0
0,113
1,3
2,183
ukbench00889.jpg,0
0,26
1,1
2,199
ukbench00890.jpg,0
0,18
1,6
2,250
ukbench00891.jpg,0
0,25
1,1
2,247
ukbench00892.jpg,0
0,13
1,9
2,245
ukbench00893.jpg,0
0,72
1,2
2,218
ukbench00894.jpg,0
0,77
1,7
2,132
ukbench00895.jpg,0
0,25
1,8
2,227
ukbench00896.jpg,0
0,97
1,4
2,191
ukbench00897.jpg,0
0,130
1,15
2,190
ukbench00898.jpg,0
0,148
1,18
2,195
ukbench00899.jpg,0
0,75
1,8
2,130
ukbench00900.jpg,0
0,195
1,13
2,125
ukbench00901.jpg,0
0,139
1,11
2,240
ukbench00902.jpg,0
0,18
1,2
2,215
ukbench00903.jpg,0
0,22
1,2
2,219
ukbench00904.jpg,0
0,70
1,4
2,186
ukbench00905.jpg,0
0,166
1,31
2,160
ukbench00906.jpg,0
0,28
1,23
2,237
ukbench00907.jpg,0
0,43
1,7
2,205
ukbench00908.jpg,0
0,36
1,0
2,247
ukbench00909.jpg,0
0,130
1,20
2,210
ukbench00910.jpg,0
0,0
1,0
2,205
ukbench00911.jpg,0
0,63
1,11
2,233
ukbench00912.jpg,0
0,19
1,8
2,207
ukbench00913.jpg,0
0,112
1,23
2,181
ukbench00914.jpg,0
0,42
1,2
2,165
ukbench00915.jpg,0
0,81
1,12
2,237
ukbench00916.jpg,0
0,60
1,5
2,235
ukbench00917.jpg,0
0,132
1,7
2,140
ukbench00918.jpg,0
0,66
1,0
2,218
ukbench00919.jpg,0
0,109
1,2
2,188
ukbench00920.jpg,0
0,129
1,1
2,175
ukbench00921.jpg,0
0,35
1,6
2,123
ukbench00922.jpg,0
0,203
1,31
2,154
ukbench00923.jpg,0
0,147
1,22
2,188
ukbench00924.jpg,0
0,55
1,8
2,226
ukbench00925.jpg,0
0,54
1,5
2,239
ukbench00926.jpg,0
0,46
1,1
2,215
ukbench00927.jpg,0
0,63
1,3
2,208
ukbench00928.jpg,0
0,11
1,2
2,218
ukbench00929.jpg,0
0,90
1,1
2,190
ukbench00930.jpg,0
0,119
1,10
2,190
ukbench00931.jpg,0
0,99
1,7
2,222
ukbench00932.jpg,0
0,23
1,2
2,249
ukbench00933.jpg,0
0,111
1,3
2,162
ukbench00934.jpg,0
0,83
1,2
2,204
ukbench00935.jpg,0
0,58
1,8
2,232
ukbench00936.jpg,0
0,82
1,2
2,184
ukbench00937.jpg,0
0,65
1,5
2,213
ukbench00938.jpg,0
0,120
1,13
2,212
ukbench00939.jpg,0
0,23
1,5
2,221
ukbench00940.jpg,0
0,71
1,12
2,223
ukbench00941.jpg,0
0,10
1,1
2,251
ukbench00942.jpg,0
0,19
1,8
2,240
ukbench00943.jpg,0
0,50
1,15
2,225
ukbench00944.jpg,0
0,45
1,18
2,222
ukbench00945.jpg,0
0,26
1,3
2,248
ukbench00946.jpg,0
0,74
1,18
2,214
ukbench00947.jpg,0
0,116
1,18
2,218
ukbench00948.jpg,0
0,33
1,4
2,240
ukbench00949.jpg,0
0,10
1,1
2,250
ukbench00950.jpg,0
0,84
1,9
2,204
ukbench00951.jpg,0
0,145
1,4
2,122
ukbench00952.jpg,0
0,134
1,3
2,211
ukbench00953.jpg,0
0,46
1,4
2,201
ukbench00954.jpg,0
0,86
1,4
2,245
ukbench00955.jpg,0
0,23
1,3
2,237
ukbench00956.jpg,0
0,82
1,4
2,162
ukbench00957.jpg,0
0,63
1,5
2,204
ukbench00958.jpg,0
0,27
1,6
2,243
ukbench00959.jpg,0
0,22
1,17
2,206
ukbench00960.jpg,0
0,57
1,0
2,238
ukbench00961.jpg,0
0,8
1,0
2,162
ukbench00962.jpg,0
0,18
1,14
2,223
ukbench00963.jpg,0
0,65
1,4
2,201
ukbench00964.jpg,0
0,0
1,0
2,140
ukbench00965.jpg,0
0,9
1,8
2,220
ukbench00966.jpg,0
0,34
1,21
2,145
ukbench00967.jpg,0
0,44
1,15
2,201
ukbench00968.jpg,0
0,41
1,12
2,221
ukbench00969.jpg,0
0,76
1,5
2,190
ukbench00970.jpg,0
0,88
1,3
2,237
ukbench00971.jpg,0
0,62
1,4
2,241
ukbench00972.jpg,0
0,30
1,6
2,208
ukbench00973.jpg,0
0,107
1,16
2,186
ukbench00974.jpg,0
0,41
1,10
2,195
ukbench00975.jpg,0
0,15
1,2
2,201
ukbench00976.jpg,0
0,12
1,4
2,240
ukbench00977.jpg,0
0,79
1,7
2,147
ukbench00978.jpg,0
0,106
1,3
2,205
ukbench00979.jpg,0
0,69
1,3
2,187
ukbench00980.jpg,0
0,19
1,2
2,233
ukbench00981.jpg,0
0,19
1,2
2,233
ukbench00982.jpg,0
0,58
1,6
2,211
ukbench00983.jpg,0
0,19
1,1
2,238
ukbench00984.jpg,0
0,14
1,0
2,207
ukbench00985.jpg,0
0,154
1,20
2,169
ukbench00986.jpg,0
0,34
1,2
2,226
ukbench00987.jpg,0
0,35
1,11
2,173
ukbench00988.jpg,0
0,21
1,20
2,223
ukbench00989.jpg,0
0,68
1,2
2,174
ukbench00990.jpg,0
0,20
1,16
2,221
ukbench00991.jpg,0
0,24
1,29
2,188
ukbench00992.jpg,0
0,48
1,5
2,234
ukbench00993.jpg,0
0,57
1,6
2,233
ukbench00994.jpg,0
0,107
1,24
2,195
ukbench00995.jpg,0
0,174
1,33
2,203
ukbench00996.jpg,0
0,58
1,1
2,184
ukbench00997.jpg,0
0,22
1,1
2,158
ukbench00998.jpg,0
0,64
1,14
2,156
ukbench00999.jpg,0
0,31
1,9
2,199
ukbench01000.jpg,0
0,132
1,0
2,240
ukbench01001.jpg,0
0,134
1,16
2,174
ukbench01002.jpg,0
0,54
1,8
2,219
ukbench01003.jpg,0
0,76
1,12
2,218
ukbench01004.jpg,0
0,68
1,7
2,211
ukbench01005.jpg,0
0,13
1,5
2,242
